ANNEE,MOIS,JOUR
2026,4,29
2026,4,30
2026,5,1
2026,5,2
2026,5,3
2026,5,4
2026,5,5
2026,5,6
2026,5,7
2026,5,8
2026,5,9
2026,5,10
2026,5,11
2026,5,12
2026,5,13
2026,5,14
2026,5,15
2026,5,16
2026,5,17
2026,5,18
2026,5,19
2026,5,20
2026,5,21
2026,5,22
2026,5,23
2026,5,24
2026,5,25
2026,5,26
2026,5,27
2026,5,28
2026,5,29
2026,5,30
2026,5,31
2026,6,1
2026,6,2
2026,6,3
2026,6,4
2026,6,5
2026,6,6
2026,6,7
2026,6,8
2026,6,9
2026,6,10
2026,6,11
2026,6,12
2026,6,13
2026,6,14
2026,6,15
2026,6,16
2026,6,17
2026,6,18
2026,6,19
2026,6,20
2026,6,21
2026,6,22
2026,6,23
2026,6,24
2026,6,25
2026,6,26
2026,6,27
2026,6,28
2026,6,29
2026,6,30
2026,7,1
2026,7,2
2026,7,3
2026,7,4
2026,7,5
2026,7,6
2026,7,7
2026,7,8
2026,7,9
2026,7,10
2026,7,11
2026,7,12
2026,7,13
2026,7,14
2026,7,15
2026,7,16
2026,7,17
2026,7,18
2026,7,19
2026,7,20
2026,7,21
2026,7,22
2026,7,23
2026,7,24
2026,7,25
2026,7,26
2026,7,27
2026,7,28
2026,7,29
2026,7,30
2026,7,31
2026,8,1
2026,8,2
2026,8,3
2026,8,4
2026,8,5
2026,8,6
2026,8,7
2026,8,8
2026,8,9
2026,8,10
2026,8,11
2026,8,12
2026,8,13
2026,8,14
2026,8,15
2026,8,16
2026,8,17
2026,8,18
2026,8,19
2026,8,20
2026,8,21
2026,8,22
2026,8,23
2026,8,24
2026,8,25
2026,8,26
2026,8,27
2026,8,28
2026,8,29
2026,8,30
2026,8,31
2026,9,1
2026,9,2
2026,9,3
2026,9,4
2026,9,5
2026,9,6
2026,9,7
2026,9,8
2026,9,9
2026,9,10
2026,9,11
2026,9,12
2026,9,13
2026,9,14
2026,9,15
2026,9,16
2026,9,17
2026,9,18
2026,9,19
2026,9,20
2026,9,21
2026,9,22
2026,9,23
2026,9,24
2026,9,25
2026,9,26
2026,9,27
2026,9,28
2026,9,29
2026,9,30
2026,10,1
2026,10,2
2026,10,3
2026,10,4
2026,10,5
2026,10,6
2026,10,7
2026,10,8
2026,10,9
2026,10,10
2026,10,11
2026,10,12
2026,10,13
2026,10,14
2026,10,15
2026,10,16
2026,10,17
2026,10,18
2026,10,19
2026,10,20
2026,10,21
2026,10,22
2026,10,23
2026,10,24
2026,10,25
2026,10,26
2026,10,27
2026,10,28
2026,10,29
2026,10,30
2026,10,31
2026,11,1
2026,11,2
2026,11,3
2026,11,4
2026,11,5
2026,11,6
2026,11,7
2026,11,8
2026,11,9
2026,11,10
2026,11,11
2026,11,12
2026,11,13
2026,11,14
